--
-- PostgreSQL database dump
--

-- Dumped from database version 12.22 (Ubuntu 12.22-0ubuntu0.20.04.4)
-- Dumped by pg_dump version 12.22 (Ubuntu 12.22-0ubuntu0.20.04.4)

SET statement_timeout = 0;
SET lock_timeout = 0;
SET idle_in_transaction_session_timeout = 0;
SET client_encoding = 'LATIN1';
SET standard_conforming_strings = on;
SELECT pg_catalog.set_config('search_path', '', false);
SET check_function_bodies = false;
SET xmloption = content;
SET client_min_messages = warning;
SET row_security = off;

SET default_tablespace = '';

SET default_table_access_method = heap;

--
-- Name: admin_interface_theme; Type: TABLE; Schema: public; Owner: llevateloexpress_user
--

CREATE TABLE public.admin_interface_theme (
    id integer NOT NULL,
    name character varying(50) NOT NULL,
    active boolean NOT NULL,
    title character varying(50) NOT NULL,
    title_visible boolean NOT NULL,
    logo character varying(100) NOT NULL,
    logo_visible boolean NOT NULL,
    css_header_background_color character varying(10) NOT NULL,
    title_color character varying(10) NOT NULL,
    css_header_text_color character varying(10) NOT NULL,
    css_header_link_color character varying(10) NOT NULL,
    css_header_link_hover_color character varying(10) NOT NULL,
    css_module_background_color character varying(10) NOT NULL,
    css_module_text_color character varying(10) NOT NULL,
    css_module_link_color character varying(10) NOT NULL,
    css_module_link_hover_color character varying(10) NOT NULL,
    css_module_rounded_corners boolean NOT NULL,
    css_generic_link_color character varying(10) NOT NULL,
    css_generic_link_hover_color character varying(10) NOT NULL,
    css_save_button_background_color character varying(10) NOT NULL,
    css_save_button_background_hover_color character varying(10) NOT NULL,
    css_save_button_text_color character varying(10) NOT NULL,
    css_delete_button_background_color character varying(10) NOT NULL,
    css_delete_button_background_hover_color character varying(10) NOT NULL,
    css_delete_button_text_color character varying(10) NOT NULL,
    list_filter_dropdown boolean NOT NULL,
    related_modal_active boolean NOT NULL,
    related_modal_background_color character varying(10) NOT NULL,
    related_modal_rounded_corners boolean NOT NULL,
    logo_color character varying(10) NOT NULL,
    recent_actions_visible boolean NOT NULL,
    favicon character varying(100) NOT NULL,
    related_modal_background_opacity character varying(5) NOT NULL,
    env_name character varying(50) NOT NULL,
    env_visible_in_header boolean NOT NULL,
    env_color character varying(10) NOT NULL,
    env_visible_in_favicon boolean NOT NULL,
    related_modal_close_button_visible boolean NOT NULL,
    language_chooser_active boolean NOT NULL,
    language_chooser_display character varying(10) NOT NULL,
    list_filter_sticky boolean NOT NULL,
    form_pagination_sticky boolean NOT NULL,
    form_submit_sticky boolean NOT NULL,
    css_module_background_selected_color character varying(10) NOT NULL,
    css_module_link_selected_color character varying(10) NOT NULL,
    logo_max_height smallint NOT NULL,
    logo_max_width smallint NOT NULL,
    foldable_apps boolean NOT NULL,
    language_chooser_control character varying(20) NOT NULL,
    list_filter_highlight boolean NOT NULL,
    list_filter_removal_links boolean NOT NULL,
    show_fieldsets_as_tabs boolean NOT NULL,
    show_inlines_as_tabs boolean NOT NULL,
    css_generic_link_active_color character varying(10) NOT NULL,
    collapsible_stacked_inlines boolean NOT NULL,
    collapsible_stacked_inlines_collapsed boolean NOT NULL,
    collapsible_tabular_inlines boolean NOT NULL,
    collapsible_tabular_inlines_collapsed boolean NOT NULL,
    CONSTRAINT admin_interface_theme_logo_max_height_check CHECK ((logo_max_height >= 0)),
    CONSTRAINT admin_interface_theme_logo_max_width_check CHECK ((logo_max_width >= 0))
);


ALTER TABLE public.admin_interface_theme OWNER TO llevateloexpress_user;

--
-- Name: admin_interface_theme_id_seq; Type: SEQUENCE; Schema: public; Owner: llevateloexpress_user
--

ALTER TABLE public.admin_interface_theme ALTER COLUMN id ADD GENERATED BY DEFAULT AS IDENTITY (
    SEQUENCE NAME public.admin_interface_theme_id_seq
    START WITH 1
    INCREMENT BY 1
    NO MINVALUE
    NO MAXVALUE
    CACHE 1
);


--
-- Name: auth_group; Type: TABLE; Schema: public; Owner: llevateloexpress_user
--

CREATE TABLE public.auth_group (
    id integer NOT NULL,
    name character varying(150) NOT NULL
);


ALTER TABLE public.auth_group OWNER TO llevateloexpress_user;

--
-- Name: auth_group_id_seq; Type: SEQUENCE; Schema: public; Owner: llevateloexpress_user
--

ALTER TABLE public.auth_group ALTER COLUMN id ADD GENERATED BY DEFAULT AS IDENTITY (
    SEQUENCE NAME public.auth_group_id_seq
    START WITH 1
    INCREMENT BY 1
    NO MINVALUE
    NO MAXVALUE
    CACHE 1
);


--
-- Name: auth_group_permissions; Type: TABLE; Schema: public; Owner: llevateloexpress_user
--

CREATE TABLE public.auth_group_permissions (
    id bigint NOT NULL,
    group_id integer NOT NULL,
    permission_id integer NOT NULL
);


ALTER TABLE public.auth_group_permissions OWNER TO llevateloexpress_user;

--
-- Name: auth_group_permissions_id_seq; Type: SEQUENCE; Schema: public; Owner: llevateloexpress_user
--

ALTER TABLE public.auth_group_permissions ALTER COLUMN id ADD GENERATED BY DEFAULT AS IDENTITY (
    SEQUENCE NAME public.auth_group_permissions_id_seq
    START WITH 1
    INCREMENT BY 1
    NO MINVALUE
    NO MAXVALUE
    CACHE 1
);


--
-- Name: auth_permission; Type: TABLE; Schema: public; Owner: llevateloexpress_user
--

CREATE TABLE public.auth_permission (
    id integer NOT NULL,
    name character varying(255) NOT NULL,
    content_type_id integer NOT NULL,
    codename character varying(100) NOT NULL
);


ALTER TABLE public.auth_permission OWNER TO llevateloexpress_user;

--
-- Name: auth_permission_id_seq; Type: SEQUENCE; Schema: public; Owner: llevateloexpress_user
--

ALTER TABLE public.auth_permission ALTER COLUMN id ADD GENERATED BY DEFAULT AS IDENTITY (
    SEQUENCE NAME public.auth_permission_id_seq
    START WITH 1
    INCREMENT BY 1
    NO MINVALUE
    NO MAXVALUE
    CACHE 1
);


--
-- Name: auth_user; Type: TABLE; Schema: public; Owner: llevateloexpress_user
--

CREATE TABLE public.auth_user (
    id integer NOT NULL,
    password character varying(128) NOT NULL,
    last_login timestamp with time zone,
    is_superuser boolean NOT NULL,
    username character varying(150) NOT NULL,
    first_name character varying(150) NOT NULL,
    last_name character varying(150) NOT NULL,
    email character varying(254) NOT NULL,
    is_staff boolean NOT NULL,
    is_active boolean NOT NULL,
    date_joined timestamp with time zone NOT NULL
);


ALTER TABLE public.auth_user OWNER TO llevateloexpress_user;

--
-- Name: auth_user_groups; Type: TABLE; Schema: public; Owner: llevateloexpress_user
--

CREATE TABLE public.auth_user_groups (
    id bigint NOT NULL,
    user_id integer NOT NULL,
    group_id integer NOT NULL
);


ALTER TABLE public.auth_user_groups OWNER TO llevateloexpress_user;

--
-- Name: auth_user_groups_id_seq; Type: SEQUENCE; Schema: public; Owner: llevateloexpress_user
--

ALTER TABLE public.auth_user_groups ALTER COLUMN id ADD GENERATED BY DEFAULT AS IDENTITY (
    SEQUENCE NAME public.auth_user_groups_id_seq
    START WITH 1
    INCREMENT BY 1
    NO MINVALUE
    NO MAXVALUE
    CACHE 1
);


--
-- Name: auth_user_id_seq; Type: SEQUENCE; Schema: public; Owner: llevateloexpress_user
--

ALTER TABLE public.auth_user ALTER COLUMN id ADD GENERATED BY DEFAULT AS IDENTITY (
    SEQUENCE NAME public.auth_user_id_seq
    START WITH 1
    INCREMENT BY 1
    NO MINVALUE
    NO MAXVALUE
    CACHE 1
);


--
-- Name: auth_user_user_permissions; Type: TABLE; Schema: public; Owner: llevateloexpress_user
--

CREATE TABLE public.auth_user_user_permissions (
    id bigint NOT NULL,
    user_id integer NOT NULL,
    permission_id integer NOT NULL
);


ALTER TABLE public.auth_user_user_permissions OWNER TO llevateloexpress_user;

--
-- Name: auth_user_user_permissions_id_seq; Type: SEQUENCE; Schema: public; Owner: llevateloexpress_user
--

ALTER TABLE public.auth_user_user_permissions ALTER COLUMN id ADD GENERATED BY DEFAULT AS IDENTITY (
    SEQUENCE NAME public.auth_user_user_permissions_id_seq
    START WITH 1
    INCREMENT BY 1
    NO MINVALUE
    NO MAXVALUE
    CACHE 1
);


--
-- Name: django_admin_log; Type: TABLE; Schema: public; Owner: llevateloexpress_user
--

CREATE TABLE public.django_admin_log (
    id integer NOT NULL,
    action_time timestamp with time zone NOT NULL,
    object_id text,
    object_repr character varying(200) NOT NULL,
    action_flag smallint NOT NULL,
    change_message text NOT NULL,
    content_type_id integer,
    user_id integer NOT NULL,
    CONSTRAINT django_admin_log_action_flag_check CHECK ((action_flag >= 0))
);


ALTER TABLE public.django_admin_log OWNER TO llevateloexpress_user;

--
-- Name: django_admin_log_id_seq; Type: SEQUENCE; Schema: public; Owner: llevateloexpress_user
--

ALTER TABLE public.django_admin_log ALTER COLUMN id ADD GENERATED BY DEFAULT AS IDENTITY (
    SEQUENCE NAME public.django_admin_log_id_seq
    START WITH 1
    INCREMENT BY 1
    NO MINVALUE
    NO MAXVALUE
    CACHE 1
);


--
-- Name: django_content_type; Type: TABLE; Schema: public; Owner: llevateloexpress_user
--

CREATE TABLE public.django_content_type (
    id integer NOT NULL,
    app_label character varying(100) NOT NULL,
    model character varying(100) NOT NULL
);


ALTER TABLE public.django_content_type OWNER TO llevateloexpress_user;

--
-- Name: django_content_type_id_seq; Type: SEQUENCE; Schema: public; Owner: llevateloexpress_user
--

ALTER TABLE public.django_content_type ALTER COLUMN id ADD GENERATED BY DEFAULT AS IDENTITY (
    SEQUENCE NAME public.django_content_type_id_seq
    START WITH 1
    INCREMENT BY 1
    NO MINVALUE
    NO MAXVALUE
    CACHE 1
);


--
-- Name: django_migrations; Type: TABLE; Schema: public; Owner: llevateloexpress_user
--

CREATE TABLE public.django_migrations (
    id bigint NOT NULL,
    app character varying(255) NOT NULL,
    name character varying(255) NOT NULL,
    applied timestamp with time zone NOT NULL
);


ALTER TABLE public.django_migrations OWNER TO llevateloexpress_user;

--
-- Name: django_migrations_id_seq; Type: SEQUENCE; Schema: public; Owner: llevateloexpress_user
--

ALTER TABLE public.django_migrations ALTER COLUMN id ADD GENERATED BY DEFAULT AS IDENTITY (
    SEQUENCE NAME public.django_migrations_id_seq
    START WITH 1
    INCREMENT BY 1
    NO MINVALUE
    NO MAXVALUE
    CACHE 1
);


--
-- Name: django_session; Type: TABLE; Schema: public; Owner: llevateloexpress_user
--

CREATE TABLE public.django_session (
    session_key character varying(40) NOT NULL,
    session_data text NOT NULL,
    expire_date timestamp with time zone NOT NULL
);


ALTER TABLE public.django_session OWNER TO llevateloexpress_user;

--
-- Name: financing_financingplan; Type: TABLE; Schema: public; Owner: llevateloexpress_user
--

CREATE TABLE public.financing_financingplan (
    id bigint NOT NULL,
    name character varying(100) NOT NULL,
    plan_type character varying(20) NOT NULL,
    slug character varying(50) NOT NULL,
    description text NOT NULL,
    min_initial_percentage numeric(5,2) NOT NULL,
    max_initial_percentage numeric(5,2) NOT NULL,
    interest_rate numeric(5,2) NOT NULL,
    min_term integer NOT NULL,
    max_term integer NOT NULL,
    adjudication_percentage numeric(5,2),
    benefits text NOT NULL,
    requirements text NOT NULL,
    icon character varying(50) NOT NULL,
    banner_image character varying(100),
    is_active boolean NOT NULL
);


ALTER TABLE public.financing_financingplan OWNER TO llevateloexpress_user;

--
-- Name: financing_financingplan_id_seq; Type: SEQUENCE; Schema: public; Owner: llevateloexpress_user
--

ALTER TABLE public.financing_financingplan ALTER COLUMN id ADD GENERATED BY DEFAULT AS IDENTITY (
    SEQUENCE NAME public.financing_financingplan_id_seq
    START WITH 1
    INCREMENT BY 1
    NO MINVALUE
    NO MAXVALUE
    CACHE 1
);


--
-- Name: financing_simulation; Type: TABLE; Schema: public; Owner: llevateloexpress_user
--

CREATE TABLE public.financing_simulation (
    id bigint NOT NULL,
    product_value numeric(10,2) NOT NULL,
    initial_percentage numeric(5,2) NOT NULL,
    initial_amount numeric(10,2) NOT NULL,
    monthly_payment numeric(10,2) NOT NULL,
    term integer NOT NULL,
    simulation_data jsonb NOT NULL,
    created_at timestamp with time zone NOT NULL,
    ip_address inet,
    plan_id bigint NOT NULL,
    product_id bigint,
    user_id integer
);


ALTER TABLE public.financing_simulation OWNER TO llevateloexpress_user;

--
-- Name: financing_simulation_id_seq; Type: SEQUENCE; Schema: public; Owner: llevateloexpress_user
--

ALTER TABLE public.financing_simulation ALTER COLUMN id ADD GENERATED BY DEFAULT AS IDENTITY (
    SEQUENCE NAME public.financing_simulation_id_seq
    START WITH 1
    INCREMENT BY 1
    NO MINVALUE
    NO MAXVALUE
    CACHE 1
);


--
-- Name: notifications_emailnotification; Type: TABLE; Schema: public; Owner: llevateloexpress_user
--

CREATE TABLE public.notifications_emailnotification (
    id bigint NOT NULL,
    recipient_email character varying(254) NOT NULL,
    subject character varying(200) NOT NULL,
    html_content text NOT NULL,
    text_content text NOT NULL,
    context_data text NOT NULL,
    status character varying(20) NOT NULL,
    error_message text NOT NULL,
    created_at timestamp with time zone NOT NULL,
    sent_at timestamp with time zone,
    opened_at timestamp with time zone,
    clicked_at timestamp with time zone,
    email_provider_id character varying(100) NOT NULL,
    retry_count integer NOT NULL,
    max_retries integer NOT NULL,
    email_template_id bigint,
    notification_type_id bigint NOT NULL,
    user_id integer NOT NULL
);


ALTER TABLE public.notifications_emailnotification OWNER TO llevateloexpress_user;

--
-- Name: notifications_emailnotification_id_seq; Type: SEQUENCE; Schema: public; Owner: llevateloexpress_user
--

ALTER TABLE public.notifications_emailnotification ALTER COLUMN id ADD GENERATED BY DEFAULT AS IDENTITY (
    SEQUENCE NAME public.notifications_emailnotification_id_seq
    START WITH 1
    INCREMENT BY 1
    NO MINVALUE
    NO MAXVALUE
    CACHE 1
);


--
-- Name: notifications_emailqueue; Type: TABLE; Schema: public; Owner: llevateloexpress_user
--

CREATE TABLE public.notifications_emailqueue (
    id bigint NOT NULL,
    priority character varying(10) NOT NULL,
    scheduled_at timestamp with time zone NOT NULL,
    processing_started_at timestamp with time zone,
    is_processed boolean NOT NULL,
    email_notification_id bigint NOT NULL
);


ALTER TABLE public.notifications_emailqueue OWNER TO llevateloexpress_user;

--
-- Name: notifications_emailqueue_id_seq; Type: SEQUENCE; Schema: public; Owner: llevateloexpress_user
--

ALTER TABLE public.notifications_emailqueue ALTER COLUMN id ADD GENERATED BY DEFAULT AS IDENTITY (
    SEQUENCE NAME public.notifications_emailqueue_id_seq
    START WITH 1
    INCREMENT BY 1
    NO MINVALUE
    NO MAXVALUE
    CACHE 1
);


--
-- Name: notifications_emailtemplate; Type: TABLE; Schema: public; Owner: llevateloexpress_user
--

CREATE TABLE public.notifications_emailtemplate (
    id bigint NOT NULL,
    subject character varying(200) NOT NULL,
    html_content text NOT NULL,
    text_content text NOT NULL,
    available_variables jsonb NOT NULL,
    is_active boolean NOT NULL,
    created_at timestamp with time zone NOT NULL,
    updated_at timestamp with time zone NOT NULL,
    notification_type_id bigint NOT NULL
);


ALTER TABLE public.notifications_emailtemplate OWNER TO llevateloexpress_user;

--
-- Name: notifications_emailtemplate_id_seq; Type: SEQUENCE; Schema: public; Owner: llevateloexpress_user
--

ALTER TABLE public.notifications_emailtemplate ALTER COLUMN id ADD GENERATED BY DEFAULT AS IDENTITY (
    SEQUENCE NAME public.notifications_emailtemplate_id_seq
    START WITH 1
    INCREMENT BY 1
    NO MINVALUE
    NO MAXVALUE
    CACHE 1
);


--
-- Name: notifications_notificationtype; Type: TABLE; Schema: public; Owner: llevateloexpress_user
--

CREATE TABLE public.notifications_notificationtype (
    id bigint NOT NULL,
    code character varying(50) NOT NULL,
    name character varying(100) NOT NULL,
    description text NOT NULL,
    is_active boolean NOT NULL,
    created_at timestamp with time zone NOT NULL,
    updated_at timestamp with time zone NOT NULL
);


ALTER TABLE public.notifications_notificationtype OWNER TO llevateloexpress_user;

--
-- Name: notifications_notificationtype_id_seq; Type: SEQUENCE; Schema: public; Owner: llevateloexpress_user
--

ALTER TABLE public.notifications_notificationtype ALTER COLUMN id ADD GENERATED BY DEFAULT AS IDENTITY (
    SEQUENCE NAME public.notifications_notificationtype_id_seq
    START WITH 1
    INCREMENT BY 1
    NO MINVALUE
    NO MAXVALUE
    CACHE 1
);


--
-- Name: notifications_usernotificationpreference; Type: TABLE; Schema: public; Owner: llevateloexpress_user
--

CREATE TABLE public.notifications_usernotificationpreference (
    id bigint NOT NULL,
    welcome_enabled boolean NOT NULL,
    registration_confirmation_enabled boolean NOT NULL,
    financing_application_enabled boolean NOT NULL,
    application_approved_enabled boolean NOT NULL,
    application_rejected_enabled boolean NOT NULL,
    application_pending_enabled boolean NOT NULL,
    payment_reminder_enabled boolean NOT NULL,
    payment_confirmation_enabled boolean NOT NULL,
    document_request_enabled boolean NOT NULL,
    newsletter_enabled boolean NOT NULL,
    promotion_enabled boolean NOT NULL,
    system_maintenance_enabled boolean NOT NULL,
    email_notifications_enabled boolean NOT NULL,
    frequency character varying(20) NOT NULL,
    created_at timestamp with time zone NOT NULL,
    updated_at timestamp with time zone NOT NULL,
    user_id integer NOT NULL
);


ALTER TABLE public.notifications_usernotificationpreference OWNER TO llevateloexpress_user;

--
-- Name: notifications_usernotificationpreference_id_seq; Type: SEQUENCE; Schema: public; Owner: llevateloexpress_user
--

ALTER TABLE public.notifications_usernotificationpreference ALTER COLUMN id ADD GENERATED BY DEFAULT AS IDENTITY (
    SEQUENCE NAME public.notifications_usernotificationpreference_id_seq
    START WITH 1
    INCREMENT BY 1
    NO MINVALUE
    NO MAXVALUE
    CACHE 1
);


--
-- Name: products_category; Type: TABLE; Schema: public; Owner: llevateloexpress_user
--

CREATE TABLE public.products_category (
    id character varying(50) NOT NULL,
    name character varying(100) NOT NULL,
    slug character varying(50) NOT NULL,
    description text NOT NULL,
    icon character varying(50) NOT NULL
);


ALTER TABLE public.products_category OWNER TO llevateloexpress_user;

--
-- Name: products_product; Type: TABLE; Schema: public; Owner: llevateloexpress_user
--

CREATE TABLE public.products_product (
    id bigint NOT NULL,
    name character varying(200) NOT NULL,
    brand character varying(100) NOT NULL,
    price numeric(10,2) NOT NULL,
    image character varying(100) NOT NULL,
    description text NOT NULL,
    features jsonb NOT NULL,
    specs_general jsonb,
    specs_engine jsonb,
    specs_comfort jsonb,
    specs_safety jsonb,
    stock integer NOT NULL,
    featured boolean NOT NULL,
    created_at timestamp with time zone NOT NULL,
    updated_at timestamp with time zone NOT NULL,
    category_id character varying(50) NOT NULL
);


ALTER TABLE public.products_product OWNER TO llevateloexpress_user;

--
-- Name: products_product_id_seq; Type: SEQUENCE; Schema: public; Owner: llevateloexpress_user
--

ALTER TABLE public.products_product ALTER COLUMN id ADD GENERATED BY DEFAULT AS IDENTITY (
    SEQUENCE NAME public.products_product_id_seq
    START WITH 1
    INCREMENT BY 1
    NO MINVALUE
    NO MAXVALUE
    CACHE 1
);


--
-- Name: users_application; Type: TABLE; Schema: public; Owner: llevateloexpress_user
--

CREATE TABLE public.users_application (
    id bigint NOT NULL,
    application_date timestamp with time zone NOT NULL,
    status character varying(20) NOT NULL,
    initial_amount numeric(10,2) NOT NULL,
    monthly_payment numeric(10,2) NOT NULL,
    term integer NOT NULL,
    notes text NOT NULL,
    approved_date timestamp with time zone,
    documents jsonb,
    customer_id bigint NOT NULL,
    financing_plan_id bigint NOT NULL,
    product_id bigint NOT NULL
);


ALTER TABLE public.users_application OWNER TO llevateloexpress_user;

--
-- Name: users_application_id_seq; Type: SEQUENCE; Schema: public; Owner: llevateloexpress_user
--

ALTER TABLE public.users_application ALTER COLUMN id ADD GENERATED BY DEFAULT AS IDENTITY (
    SEQUENCE NAME public.users_application_id_seq
    START WITH 1
    INCREMENT BY 1
    NO MINVALUE
    NO MAXVALUE
    CACHE 1
);


--
-- Name: users_customer; Type: TABLE; Schema: public; Owner: llevateloexpress_user
--

CREATE TABLE public.users_customer (
    id bigint NOT NULL,
    phone character varying(20) NOT NULL,
    address text NOT NULL,
    identity_document character varying(20) NOT NULL,
    date_of_birth date,
    occupation character varying(100) NOT NULL,
    monthly_income numeric(10,2),
    created_at timestamp with time zone NOT NULL,
    verified boolean NOT NULL,
    user_id integer NOT NULL,
    is_profile_complete boolean NOT NULL
);


ALTER TABLE public.users_customer OWNER TO llevateloexpress_user;

--
-- Name: users_customer_id_seq; Type: SEQUENCE; Schema: public; Owner: llevateloexpress_user
--

ALTER TABLE public.users_customer ALTER COLUMN id ADD GENERATED BY DEFAULT AS IDENTITY (
    SEQUENCE NAME public.users_customer_id_seq
    START WITH 1
    INCREMENT BY 1
    NO MINVALUE
    NO MAXVALUE
    CACHE 1
);


--
-- Data for Name: admin_interface_theme; Type: TABLE DATA; Schema: public; Owner: llevateloexpress_user
--

COPY public.admin_interface_theme (id, name, active, title, title_visible, logo, logo_visible, css_header_background_color, title_color, css_header_text_color, css_header_link_color, css_header_link_hover_color, css_module_background_color, css_module_text_color, css_module_link_color, css_module_link_hover_color, css_module_rounded_corners, css_generic_link_color, css_generic_link_hover_color, css_save_button_background_color, css_save_button_background_hover_color, css_save_button_text_color, css_delete_button_background_color, css_delete_button_background_hover_color, css_delete_button_text_color, list_filter_dropdown, related_modal_active, related_modal_background_color, related_modal_rounded_corners, logo_color, recent_actions_visible, favicon, related_modal_background_opacity, env_name, env_visible_in_header, env_color, env_visible_in_favicon, related_modal_close_button_visible, language_chooser_active, language_chooser_display, list_filter_sticky, form_pagination_sticky, form_submit_sticky, css_module_background_selected_color, css_module_link_selected_color, logo_max_height, logo_max_width, foldable_apps, language_chooser_control, list_filter_highlight, list_filter_removal_links, show_fieldsets_as_tabs, show_inlines_as_tabs, css_generic_link_active_color, collapsible_stacked_inlines, collapsible_stacked_inlines_collapsed, collapsible_tabular_inlines, collapsible_tabular_inlines_collapsed) FROM stdin;
2	Django	t	Administración de Django	t		t	#0C4B33	#F5DD5D	#44B78B	#FFFFFF	#C9F0DD	#44B78B	#FFFFFF	#FFFFFF	#C9F0DD	t	#0C3C26	#156641	#0C4B33	#0C3C26	#FFFFFF	#BA2121	#A41515	#FFFFFF	t	t	#000000	t	#FFFFFF	t		0.3		t	#E74C3C	t	t	t	code	t	f	f	#FFFFCC	#FFFFFF	100	400	t	default-select	t	f	f	f	#29B864	f	t	f	t
\.


--
-- Data for Name: auth_group; Type: TABLE DATA; Schema: public; Owner: llevateloexpress_user
--

COPY public.auth_group (id, name) FROM stdin;
\.


--
-- Data for Name: auth_group_permissions; Type: TABLE DATA; Schema: public; Owner: llevateloexpress_user
--

COPY public.auth_group_permissions (id, group_id, permission_id) FROM stdin;
\.


--
-- Data for Name: auth_permission; Type: TABLE DATA; Schema: public; Owner: llevateloexpress_user
--

COPY public.auth_permission (id, name, content_type_id, codename) FROM stdin;
1	Can add Theme	1	add_theme
2	Can change Theme	1	change_theme
3	Can delete Theme	1	delete_theme
4	Can view Theme	1	view_theme
5	Can add log entry	2	add_logentry
6	Can change log entry	2	change_logentry
7	Can delete log entry	2	delete_logentry
8	Can view log entry	2	view_logentry
9	Can add permission	3	add_permission
10	Can change permission	3	change_permission
11	Can delete permission	3	delete_permission
12	Can view permission	3	view_permission
13	Can add group	4	add_group
14	Can change group	4	change_group
15	Can delete group	4	delete_group
16	Can view group	4	view_group
17	Can add user	5	add_user
18	Can change user	5	change_user
19	Can delete user	5	delete_user
20	Can view user	5	view_user
21	Can add content type	6	add_contenttype
22	Can change content type	6	change_contenttype
23	Can delete content type	6	delete_contenttype
24	Can view content type	6	view_contenttype
25	Can add session	7	add_session
26	Can change session	7	change_session
27	Can delete session	7	delete_session
28	Can view session	7	view_session
29	Can add Categoría	8	add_category
30	Can change Categoría	8	change_category
31	Can delete Categoría	8	delete_category
32	Can view Categoría	8	view_category
33	Can add Producto	9	add_product
34	Can change Producto	9	change_product
35	Can delete Producto	9	delete_product
36	Can view Producto	9	view_product
37	Can add Plan de Financiamiento	10	add_financingplan
38	Can change Plan de Financiamiento	10	change_financingplan
39	Can delete Plan de Financiamiento	10	delete_financingplan
40	Can view Plan de Financiamiento	10	view_financingplan
41	Can add Simulación	11	add_simulation
42	Can change Simulación	11	change_simulation
43	Can delete Simulación	11	delete_simulation
44	Can view Simulación	11	view_simulation
45	Can add Cliente	12	add_customer
46	Can change Cliente	12	change_customer
47	Can delete Cliente	12	delete_customer
48	Can view Cliente	12	view_customer
49	Can add Solicitud	13	add_application
50	Can change Solicitud	13	change_application
51	Can delete Solicitud	13	delete_application
52	Can view Solicitud	13	view_application
53	Can add Notificación por Email	14	add_emailnotification
54	Can change Notificación por Email	14	change_emailnotification
55	Can delete Notificación por Email	14	delete_emailnotification
56	Can view Notificación por Email	14	view_emailnotification
57	Can add Tipo de Notificación	15	add_notificationtype
58	Can change Tipo de Notificación	15	change_notificationtype
59	Can delete Tipo de Notificación	15	delete_notificationtype
60	Can view Tipo de Notificación	15	view_notificationtype
61	Can add Plantilla de Email	16	add_emailtemplate
62	Can change Plantilla de Email	16	change_emailtemplate
63	Can delete Plantilla de Email	16	delete_emailtemplate
64	Can view Plantilla de Email	16	view_emailtemplate
65	Can add Preferencia de Notificación	17	add_usernotificationpreference
66	Can change Preferencia de Notificación	17	change_usernotificationpreference
67	Can delete Preferencia de Notificación	17	delete_usernotificationpreference
68	Can view Preferencia de Notificación	17	view_usernotificationpreference
69	Can add Cola de Email	18	add_emailqueue
70	Can change Cola de Email	18	change_emailqueue
71	Can delete Cola de Email	18	delete_emailqueue
72	Can view Cola de Email	18	view_emailqueue
\.


--
-- Data for Name: auth_user; Type: TABLE DATA; Schema: public; Owner: llevateloexpress_user
--

COPY public.auth_user (id, password, last_login, is_superuser, username, first_name, last_name, email, is_staff, is_active, date_joined) FROM stdin;
1	pbkdf2_sha256$600000$exnurEfZkGGf3NHZk9kxjv$U84aN+X7XlpA3eI/ozM3wpk/l+YLtJ+ikQ8FZIuNLfk=	2025-05-15 00:41:00.546708+00	t	admin			admin@example.com	t	t	2025-04-09 05:13:56.659464+00
2	pbkdf2_sha256$600000$UduX5CNQ2wuKzYfhIvft09$t2LBBBF1Ja6ObTyaUUElL91HgFVtkxfrhe/lUP2I7JQ=	\N	f	test@test.com			test@test.com	f	t	2025-05-21 04:30:14.310798+00
3	pbkdf2_sha256$600000$VpO6wfCaEAVw1NnUDs7bpk$fNg5FVz3UmzrtDQiaDwowHBep41mWVkEwDSSfncGCDk=	\N	f	Sofia				f	t	2025-05-22 20:52:44.289416+00
5	pbkdf2_sha256$600000$aZLKJQxVvUmNDEYKfh6ND1$fj2J5oML4AGL0CK0PxCk8Rg6LRZWQhFg7eKDGmKgpdY=	\N	f	elgranbrasero.carlos@gmail.com	Carlos jose	Ferrer	elgranbrasero.carlos@gmail.com	f	t	2025-05-23 11:57:45.327006+00
6	pbkdf2_sha256$600000$VbK1YhHmAE7iVsKcZ6tFQI$96/Keuu4O6/ZG6iCjZXQw1R/Vg50UC6GrMXNxoe4vZ0=	\N	f	lopezdaniely@gmail.com	Daniely	Lopez	lopezdaniely@gmail.com	f	t	2025-05-23 13:52:43.56148+00
7	pbkdf2_sha256$600000$1o1Mp8AR6S6LhgZRWnvCAe$3exMgxRw61Cdi2M41mCsMXN07j3KSSM7ioRYpqW/rVA=	\N	f	rubenbolivarestrada@gmail.com	Ruben	Bolivar	rubenbolivarestrada@gmail.com	f	t	2025-05-23 23:35:33.694537+00
4	pbkdf2_sha256$600000$P86i5J0xWwpdEXs1yXCll7$qOPaQ7jFMMq2yWkEYMEr/2eeO6+x8LTN0NZK+oB8HZg=	2025-05-24 05:24:14.623737+00	t	rubenbe9@gmail.com	Rubén	Bolívar	rubenbe9@gmail.com	t	t	2025-05-23 04:17:25+00
8	pbkdf2_sha256$600000$tndfH6ENSm2AYPIMgJl1Ua$BserRjD/GlwW6KhnWhYV92VDzWZESRaYLJCR5mQmZh0=	\N	f	bolivarestrada@yahoo.com	Ruben	Bolivar	bolivarestrada@yahoo.com	f	t	2025-05-24 15:37:31.837966+00
9	pbkdf2_sha256$600000$We2XEGWTB4wtmAEVvN9BoJ$3Sho4ZDVlv/b7guIFmHaB/LhqdQ5/caM9scUH7BgkZM=	\N	f	sofiabolivar0507@gmail.com	Sofia	Bolivar	sofiabolivar0507@gmail.com	f	t	2025-05-25 19:27:36.053754+00
\.


--
-- Data for Name: auth_user_groups; Type: TABLE DATA; Schema: public; Owner: llevateloexpress_user
--

COPY public.auth_user_groups (id, user_id, group_id) FROM stdin;
\.


--
-- Data for Name: auth_user_user_permissions; Type: TABLE DATA; Schema: public; Owner: llevateloexpress_user
--

COPY public.auth_user_user_permissions (id, user_id, permission_id) FROM stdin;
\.


--
-- Data for Name: django_admin_log; Type: TABLE DATA; Schema: public; Owner: llevateloexpress_user
--

COPY public.django_admin_log (id, action_time, object_id, object_repr, action_flag, change_message, content_type_id, user_id) FROM stdin;
1	2025-05-22 20:52:44.723539+00	3	Sofia	1	[{"added": {}}, {"added": {"name": "Cliente", "object": "Sofia"}}]	5	1
2	2025-05-23 19:42:10.305278+00	4	rubenbe9@gmail.com	2	[{"changed": {"fields": ["Staff status", "Superuser status"]}}]	5	1
\.


--
-- Data for Name: django_content_type; Type: TABLE DATA; Schema: public; Owner: llevateloexpress_user
--

COPY public.django_content_type (id, app_label, model) FROM stdin;
1	admin_interface	theme
2	admin	logentry
3	auth	permission
4	auth	group
5	auth	user
6	contenttypes	contenttype
7	sessions	session
8	products	category
9	products	product
10	financing	financingplan
11	financing	simulation
12	users	customer
13	users	application
14	notifications	emailnotification
15	notifications	notificationtype
16	notifications	emailtemplate
17	notifications	usernotificationpreference
18	notifications	emailqueue
\.


--
-- Data for Name: django_migrations; Type: TABLE DATA; Schema: public; Owner: llevateloexpress_user
--

COPY public.django_migrations (id, app, name, applied) FROM stdin;
1	contenttypes	0001_initial	2025-04-09 05:13:35.620671+00
2	auth	0001_initial	2025-04-09 05:13:35.743109+00
3	admin	0001_initial	2025-04-09 05:13:35.771816+00
4	admin	0002_logentry_remove_auto_add	2025-04-09 05:13:35.782953+00
5	admin	0003_logentry_add_action_flag_choices	2025-04-09 05:13:35.795684+00
6	admin_interface	0001_initial	2025-04-09 05:13:35.808265+00
7	admin_interface	0002_add_related_modal	2025-04-09 05:13:35.8299+00
8	admin_interface	0003_add_logo_color	2025-04-09 05:13:35.84187+00
9	admin_interface	0004_rename_title_color	2025-04-09 05:13:35.84984+00
10	admin_interface	0005_add_recent_actions_visible	2025-04-09 05:13:35.858601+00
11	admin_interface	0006_bytes_to_str	2025-04-09 05:13:35.931092+00
12	admin_interface	0007_add_favicon	2025-04-09 05:13:35.940128+00
13	admin_interface	0008_change_related_modal_background_opacity_type	2025-04-09 05:13:35.949437+00
14	admin_interface	0009_add_enviroment	2025-04-09 05:13:35.9616+00
15	admin_interface	0010_add_localization	2025-04-09 05:13:35.97771+00
16	admin_interface	0011_add_environment_options	2025-04-09 05:13:35.998235+00
17	admin_interface	0012_update_verbose_names	2025-04-09 05:13:36.008028+00
18	admin_interface	0013_add_related_modal_close_button	2025-04-09 05:13:36.015056+00
19	admin_interface	0014_name_unique	2025-04-09 05:13:36.027484+00
20	admin_interface	0015_add_language_chooser_active	2025-04-09 05:13:36.037189+00
21	admin_interface	0016_add_language_chooser_display	2025-04-09 05:13:36.044605+00
22	admin_interface	0017_change_list_filter_dropdown	2025-04-09 05:13:36.050992+00
23	admin_interface	0018_theme_list_filter_sticky	2025-04-09 05:13:36.05765+00
24	admin_interface	0019_add_form_sticky	2025-04-09 05:13:36.071416+00
25	admin_interface	0020_module_selected_colors	2025-04-09 05:13:36.095235+00
26	admin_interface	0021_file_extension_validator	2025-04-09 05:13:36.103831+00
27	admin_interface	0022_add_logo_max_width_and_height	2025-04-09 05:13:36.115415+00
28	admin_interface	0023_theme_foldable_apps	2025-04-09 05:13:36.123845+00
29	admin_interface	0024_remove_theme_css	2025-04-09 05:13:36.130325+00
30	admin_interface	0025_theme_language_chooser_control	2025-04-09 05:13:36.137774+00
31	admin_interface	0026_theme_list_filter_highlight	2025-04-09 05:13:36.14593+00
32	admin_interface	0027_theme_list_filter_removal_links	2025-04-09 05:13:36.1592+00
33	admin_interface	0028_theme_show_fieldsets_as_tabs_and_more	2025-04-09 05:13:36.173988+00
34	admin_interface	0029_theme_css_generic_link_active_color	2025-04-09 05:13:36.184277+00
35	admin_interface	0030_theme_collapsible_stacked_inlines_and_more	2025-04-09 05:13:36.208616+00
36	contenttypes	0002_remove_content_type_name	2025-04-09 05:13:36.229586+00
37	auth	0002_alter_permission_name_max_length	2025-04-09 05:13:36.240008+00
38	auth	0003_alter_user_email_max_length	2025-04-09 05:13:36.250681+00
39	auth	0004_alter_user_username_opts	2025-04-09 05:13:36.262557+00
40	auth	0005_alter_user_last_login_null	2025-04-09 05:13:36.272417+00
41	auth	0006_require_contenttypes_0002	2025-04-09 05:13:36.275301+00
42	auth	0007_alter_validators_add_error_messages	2025-04-09 05:13:36.284061+00
43	auth	0008_alter_user_username_max_length	2025-04-09 05:13:36.29511+00
44	auth	0009_alter_user_last_name_max_length	2025-04-09 05:13:36.305928+00
45	auth	0010_alter_group_name_max_length	2025-04-09 05:13:36.319316+00
46	auth	0011_update_proxy_permissions	2025-04-09 05:13:36.332162+00
47	auth	0012_alter_user_first_name_max_length	2025-04-09 05:13:36.345986+00
48	products	0001_initial	2025-04-09 05:13:36.385464+00
49	financing	0001_initial	2025-04-09 05:13:36.435877+00
50	sessions	0001_initial	2025-04-09 05:13:36.454557+00
51	users	0001_initial	2025-04-09 05:13:36.507858+00
52	users	0002_customer_is_profile_complete	2025-05-23 00:13:08.805141+00
53	notifications	0001_initial	2025-05-23 20:38:46.402626+00
54	notifications	0002_change_context_data_to_textfield	2025-05-24 00:17:53.808346+00
\.


--
-- Data for Name: django_session; Type: TABLE DATA; Schema: public; Owner: llevateloexpress_user
--

COPY public.django_session (session_key, session_data, expire_date) FROM stdin;
pfrhli6oh3mwzvt6tg3c8tlx83t5a1bi	.eJxVjEEOwiAQRe_C2pCBMhZcuu8ZyMCAVA0kpV0Z765NutDtf-_9l_C0rcVvPS1-ZnERSpx-t0DxkeoO-E711mRsdV3mIHdFHrTLqXF6Xg_376BQL98aRssquzywyVpr5JhSDtZZIOZxoAwGlAEAzc46sGdyxiIOjBEZFIr3B-LHN0M:1u2Nvi:_Fadz6zgsOOgczkz-9bUw_z2eBWO1KnKNT05oucl2-I	2025-04-23 05:24:54.069177+00
wpj1xu4o6bhkavhi3bo7k2s6t23flul5	.eJxVjEEOwiAURO_C2hA-FCgu3fcMhA8fqRpISrsy3t026UKXM-_NvJkP21r81mnxc2JXNrDLb4chPqkeID1CvTceW12XGfmh8JN2PrVEr9vp_h2U0Mu-JqeEi1YQQtJSDCLnYHUe96xBkZYYLDg9gpMRLaCSaJJFAEMokxHs8wXbPTeQ:1uIhMk:4JHkCZWMAbLBr-UzsYecTi5Khozg6yY-gAlvjsUGoZ8	2025-06-07 05:24:14.627164+00
\.


--
-- Data for Name: financing_financingplan; Type: TABLE DATA; Schema: public; Owner: llevateloexpress_user
--

COPY public.financing_financingplan (id, name, plan_type, slug, description, min_initial_percentage, max_initial_percentage, interest_rate, min_term, max_term, adjudication_percentage, benefits, requirements, icon, banner_image, is_active) FROM stdin;
1	Plan 50-50	credito	plan-50-50	Paga el 50% de inicial y financia el resto a 12 meses sin intereses.	50.00	50.00	0.00	12	12	\N	Sin intereses, entrega inmediata, proceso rápido	Documento de identidad, comprobante de ingresos	fa-percentage		t
2	Plan 70-30	credito	plan-70-30	Financia el 70% del valor con una inicial del 30%.	30.00	30.00	12.00	6	24	\N	Mayor financiamiento, cuotas flexibles	Documento de identidad, comprobante de ingresos, referencias	fa-chart-line		t
3	Compra Programada	programada	compra-programada	Adjudicación al 45% del valor total del vehículo.	10.00	20.00	8.00	12	60	45.00	Menor inicial, plazos largos, adjudicación garantizada	Documento de identidad, referencias personales	fa-calendar-check		t
\.


--
-- Data for Name: financing_simulation; Type: TABLE DATA; Schema: public; Owner: llevateloexpress_user
--

COPY public.financing_simulation (id, product_value, initial_percentage, initial_amount, monthly_payment, term, simulation_data, created_at, ip_address, plan_id, product_id, user_id) FROM stdin;
\.


--
-- Data for Name: notifications_emailnotification; Type: TABLE DATA; Schema: public; Owner: llevateloexpress_user
--

COPY public.notifications_emailnotification (id, recipient_email, subject, html_content, text_content, context_data, status, error_message, created_at, sent_at, opened_at, clicked_at, email_provider_id, retry_count, max_retries, email_template_id, notification_type_id, user_id) FROM stdin;
1	rubenbolivarestrada@gmail.com	¡Bienvenido a LlévateloExpress, Ruben!	\n<!DOCTYPE html>\n<html>\n<head>\n    <meta charset="UTF-8">\n    <meta name="viewport" content="width=device-width, initial-scale=1.0">\n    <title>Bienvenido a LlévateloExpress</title>\n    <style>\n        body { font-family: Arial, sans-serif; line-height: 1.6; color: #333; }\n        .container { max-width: 600px; margin: 0 auto; padding: 20px; }\n        .header { background: #007bff; color: white; padding: 20px; text-align: center; }\n        .content { padding: 20px; background: #f9f9f9; }\n        .footer { padding: 20px; text-align: center; font-size: 12px; color: #666; }\n        .button { background: #007bff; color: white; padding: 12px 24px; text-decoration: none; border-radius: 5px; display: inline-block; margin: 10px 0; }\n    </style>\n</head>\n<body>\n    <div class="container">\n        <div class="header">\n            <h1>¡Bienvenido a LlévateloExpress!</h1>\n        </div>\n        <div class="content">\n            <h2>Hola Ruben,</h2>\n            <p>¡Bienvenido a LlévateloExpress, Ruben!</p>\n            \n            <p>Ahora puedes:</p>\n            <ul>\n                \n                <li>Explora nuestro catálogo de productos</li>\n                \n                <li>Descubre nuestros planes de financiamiento</li>\n                \n                <li>Completa tu perfil para una mejor experiencia</li>\n                \n            </ul>\n            \n            <a href="https://llevateloexpress.com" class="button">Explorar Catálogo</a>\n        </div>\n        <div class="footer">\n            <p>LlévateloExpress - 2025</p>\n            <p>Contacto: info@llevateloexpress.com | +584121010744</p>\n        </div>\n    </div>\n</body>\n</html>\n        	\n¡Bienvenido a LlévateloExpress, Ruben!\n\n¡Bienvenido a LlévateloExpress, Ruben!\n\nAhora puedes:\n\n- Explora nuestro catálogo de productos\n\n- Descubre nuestros planes de financiamiento\n\n- Completa tu perfil para una mejor experiencia\n\n\nVisita nuestro sitio: https://llevateloexpress.com\n\nLlévateloExpress - 2025\nContacto: info@llevateloexpress.com | +584121010744\n        	{"user":{"username":"rubenbolivarestrada@gmail.com","first_name":"Ruben","last_name":"Bolivar","email":"rubenbolivarestrada@gmail.com","full_name":"Ruben Bolivar"},"site":{"name":"LlévateloExpress","url":"https://llevateloexpress.com","contact_email":"info@llevateloexpress.com","phone":"+584121010744"},"current_year":2025,"welcome_message":"¡Bienvenido a LlévateloExpress, Ruben!","next_steps":["Explora nuestro catálogo de productos","Descubre nuestros planes de financiamiento","Completa tu perfil para una mejor experiencia"]}	failed	(530, b'5.7.0 Authentication Required. For more information, go to\\n5.7.0  https://support.google.com/accounts/troubleshooter/2402620. 3f1490d57ef6-e7d93b6aa06sm136700276.4 - gsmtp', '=?utf-8?q?Ll=C3=A9vateloExpress?= <noreply@llevateloexpress.com>')	2025-05-24 00:18:25.204798+00	\N	\N	\N		1	3	1	1	7
2	admin@example.com	¡Bienvenido a LlévateloExpress, !	\n<!DOCTYPE html>\n<html>\n<head>\n    <meta charset="UTF-8">\n    <meta name="viewport" content="width=device-width, initial-scale=1.0">\n    <title>Bienvenido a LlévateloExpress</title>\n    <style>\n        body { font-family: Arial, sans-serif; line-height: 1.6; color: #333; }\n        .container { max-width: 600px; margin: 0 auto; padding: 20px; }\n        .header { background: #007bff; color: white; padding: 20px; text-align: center; }\n        .content { padding: 20px; background: #f9f9f9; }\n        .footer { padding: 20px; text-align: center; font-size: 12px; color: #666; }\n        .button { background: #007bff; color: white; padding: 12px 24px; text-decoration: none; border-radius: 5px; display: inline-block; margin: 10px 0; }\n    </style>\n</head>\n<body>\n    <div class="container">\n        <div class="header">\n            <h1>¡Bienvenido a LlévateloExpress!</h1>\n        </div>\n        <div class="content">\n            <h2>Hola ,</h2>\n            <p>¡Bienvenido a LlévateloExpress, !</p>\n            \n            <p>Ahora puedes:</p>\n            <ul>\n                \n                <li>Explora nuestro catálogo de productos</li>\n                \n                <li>Descubre nuestros planes de financiamiento</li>\n                \n                <li>Completa tu perfil para una mejor experiencia</li>\n                \n            </ul>\n            \n            <a href="https://llevateloexpress.com" class="button">Explorar Catálogo</a>\n        </div>\n        <div class="footer">\n            <p>LlévateloExpress - 2025</p>\n            <p>Contacto: info@llevateloexpress.com | +584121010744</p>\n        </div>\n    </div>\n</body>\n</html>\n        	\n¡Bienvenido a LlévateloExpress, !\n\n¡Bienvenido a LlévateloExpress, !\n\nAhora puedes:\n\n- Explora nuestro catálogo de productos\n\n- Descubre nuestros planes de financiamiento\n\n- Completa tu perfil para una mejor experiencia\n\n\nVisita nuestro sitio: https://llevateloexpress.com\n\nLlévateloExpress - 2025\nContacto: info@llevateloexpress.com | +584121010744\n        	{"user":{"username":"admin","first_name":"","last_name":"","email":"admin@example.com","full_name":""},"site":{"name":"LlévateloExpress","url":"https://llevateloexpress.com","contact_email":"info@llevateloexpress.com","phone":"+584121010744"},"current_year":2025,"welcome_message":"¡Bienvenido a LlévateloExpress, !","next_steps":["Explora nuestro catálogo de productos","Descubre nuestros planes de financiamiento","Completa tu perfil para una mejor experiencia"]}	sent		2025-05-24 04:41:36.567953+00	2025-05-24 04:41:36.776743+00	\N	\N		0	3	1	1	1
3	bolivarestrada@yahoo.com	¡Bienvenido a LlévateloExpress, Ruben!	\n<!DOCTYPE html>\n<html>\n<head>\n    <meta charset="UTF-8">\n    <meta name="viewport" content="width=device-width, initial-scale=1.0">\n    <title>Bienvenido a LlévateloExpress</title>\n    <style>\n        body { font-family: Arial, sans-serif; line-height: 1.6; color: #333; }\n        .container { max-width: 600px; margin: 0 auto; padding: 20px; }\n        .header { background: #007bff; color: white; padding: 20px; text-align: center; }\n        .content { padding: 20px; background: #f9f9f9; }\n        .footer { padding: 20px; text-align: center; font-size: 12px; color: #666; }\n        .button { background: #007bff; color: white; padding: 12px 24px; text-decoration: none; border-radius: 5px; display: inline-block; margin: 10px 0; }\n    </style>\n</head>\n<body>\n    <div class="container">\n        <div class="header">\n            <h1>¡Bienvenido a LlévateloExpress!</h1>\n        </div>\n        <div class="content">\n            <h2>Hola Ruben,</h2>\n            <p>¡Bienvenido a LlévateloExpress, Ruben!</p>\n            \n            <p>Ahora puedes:</p>\n            <ul>\n                \n                <li>Explora nuestro catálogo de productos</li>\n                \n                <li>Descubre nuestros planes de financiamiento</li>\n                \n                <li>Completa tu perfil para una mejor experiencia</li>\n                \n            </ul>\n            \n            <a href="https://llevateloexpress.com" class="button">Explorar Catálogo</a>\n        </div>\n        <div class="footer">\n            <p>LlévateloExpress - 2025</p>\n            <p>Contacto: info@llevateloexpress.com | +584121010744</p>\n        </div>\n    </div>\n</body>\n</html>\n        	\n¡Bienvenido a LlévateloExpress, Ruben!\n\n¡Bienvenido a LlévateloExpress, Ruben!\n\nAhora puedes:\n\n- Explora nuestro catálogo de productos\n\n- Descubre nuestros planes de financiamiento\n\n- Completa tu perfil para una mejor experiencia\n\n\nVisita nuestro sitio: https://llevateloexpress.com\n\nLlévateloExpress - 2025\nContacto: info@llevateloexpress.com | +584121010744\n        	{"user":{"username":"bolivarestrada@yahoo.com","first_name":"Ruben","last_name":"Bolivar","email":"bolivarestrada@yahoo.com","full_name":"Ruben Bolivar"},"site":{"name":"LlévateloExpress","url":"https://llevateloexpress.com","contact_email":"info@llevateloexpress.com","phone":"+584121010744"},"current_year":2025,"welcome_message":"¡Bienvenido a LlévateloExpress, Ruben!","next_steps":["Explora nuestro catálogo de productos","Descubre nuestros planes de financiamiento","Completa tu perfil para una mejor experiencia"]}	sent		2025-05-24 15:37:32.340778+00	2025-05-24 15:37:32.604578+00	\N	\N		0	3	1	1	8
4	admin@example.com	¡Bienvenido a LlévateloExpress, !	\n<!DOCTYPE html>\n<html>\n<head>\n    <meta charset="UTF-8">\n    <meta name="viewport" content="width=device-width, initial-scale=1.0">\n    <title>Bienvenido a LlévateloExpress</title>\n    <style>\n        body { font-family: Arial, sans-serif; line-height: 1.6; color: #333; }\n        .container { max-width: 600px; margin: 0 auto; padding: 20px; }\n        .header { background: #007bff; color: white; padding: 20px; text-align: center; }\n        .content { padding: 20px; background: #f9f9f9; }\n        .footer { padding: 20px; text-align: center; font-size: 12px; color: #666; }\n        .button { background: #007bff; color: white; padding: 12px 24px; text-decoration: none; border-radius: 5px; display: inline-block; margin: 10px 0; }\n    </style>\n</head>\n<body>\n    <div class="container">\n        <div class="header">\n            <h1>¡Bienvenido a LlévateloExpress!</h1>\n        </div>\n        <div class="content">\n            <h2>Hola ,</h2>\n            <p>¡Bienvenido a LlévateloExpress, !</p>\n            \n            <p>Ahora puedes:</p>\n            <ul>\n                \n                <li>Explora nuestro catálogo de productos</li>\n                \n                <li>Descubre nuestros planes de financiamiento</li>\n                \n                <li>Completa tu perfil para una mejor experiencia</li>\n                \n            </ul>\n            \n            <a href="https://llevateloexpress.com" class="button">Explorar Catálogo</a>\n        </div>\n        <div class="footer">\n            <p>LlévateloExpress - 2025</p>\n            <p>Contacto: info@llevateloexpress.com | +584121010744</p>\n        </div>\n    </div>\n</body>\n</html>\n        	\n¡Bienvenido a LlévateloExpress, !\n\n¡Bienvenido a LlévateloExpress, !\n\nAhora puedes:\n\n- Explora nuestro catálogo de productos\n\n- Descubre nuestros planes de financiamiento\n\n- Completa tu perfil para una mejor experiencia\n\n\nVisita nuestro sitio: https://llevateloexpress.com\n\nLlévateloExpress - 2025\nContacto: info@llevateloexpress.com | +584121010744\n        	{"user":{"username":"admin","first_name":"","last_name":"","email":"admin@example.com","full_name":""},"site":{"name":"LlévateloExpress","url":"https://llevateloexpress.com","contact_email":"info@llevateloexpress.com","phone":"+584121010744"},"current_year":2025,"welcome_message":"¡Bienvenido a LlévateloExpress, !","next_steps":["Explora nuestro catálogo de productos","Descubre nuestros planes de financiamiento","Completa tu perfil para una mejor experiencia"]}	sent		2025-05-24 15:59:57.376678+00	2025-05-24 15:59:57.822644+00	\N	\N		0	3	1	1	1
5	sofiabolivar0507@gmail.com	¡Bienvenido a LlévateloExpress, Sofia!	\n<!DOCTYPE html>\n<html>\n<head>\n    <meta charset="UTF-8">\n    <meta name="viewport" content="width=device-width, initial-scale=1.0">\n    <title>Bienvenido a LlévateloExpress</title>\n    <style>\n        body { font-family: Arial, sans-serif; line-height: 1.6; color: #333; }\n        .container { max-width: 600px; margin: 0 auto; padding: 20px; }\n        .header { background: #007bff; color: white; padding: 20px; text-align: center; }\n        .content { padding: 20px; background: #f9f9f9; }\n        .footer { padding: 20px; text-align: center; font-size: 12px; color: #666; }\n        .button { background: #007bff; color: white; padding: 12px 24px; text-decoration: none; border-radius: 5px; display: inline-block; margin: 10px 0; }\n    </style>\n</head>\n<body>\n    <div class="container">\n        <div class="header">\n            <h1>¡Bienvenido a LlévateloExpress!</h1>\n        </div>\n        <div class="content">\n            <h2>Hola Sofia,</h2>\n            <p>¡Bienvenido a LlévateloExpress, Sofia!</p>\n            \n            <p>Ahora puedes:</p>\n            <ul>\n                \n                <li>Explora nuestro catálogo de productos</li>\n                \n                <li>Descubre nuestros planes de financiamiento</li>\n                \n                <li>Completa tu perfil para una mejor experiencia</li>\n                \n            </ul>\n            \n            <a href="https://llevateloexpress.com" class="button">Explorar Catálogo</a>\n        </div>\n        <div class="footer">\n            <p>LlévateloExpress - 2025</p>\n            <p>Contacto: info@llevateloexpress.com | +584121010744</p>\n        </div>\n    </div>\n</body>\n</html>\n        	\n¡Bienvenido a LlévateloExpress, Sofia!\n\n¡Bienvenido a LlévateloExpress, Sofia!\n\nAhora puedes:\n\n- Explora nuestro catálogo de productos\n\n- Descubre nuestros planes de financiamiento\n\n- Completa tu perfil para una mejor experiencia\n\n\nVisita nuestro sitio: https://llevateloexpress.com\n\nLlévateloExpress - 2025\nContacto: info@llevateloexpress.com | +584121010744\n        	{"user":{"username":"sofiabolivar0507@gmail.com","first_name":"Sofia","last_name":"Bolivar","email":"sofiabolivar0507@gmail.com","full_name":"Sofia Bolivar"},"site":{"name":"LlévateloExpress","url":"https://llevateloexpress.com","contact_email":"info@llevateloexpress.com","phone":"+584121010744"},"current_year":2025,"welcome_message":"¡Bienvenido a LlévateloExpress, Sofia!","next_steps":["Explora nuestro catálogo de productos","Descubre nuestros planes de financiamiento","Completa tu perfil para una mejor experiencia"]}	sent		2025-05-25 19:27:36.489518+00	2025-05-25 19:27:36.803651+00	\N	\N		0	3	1	1	9
\.


--
-- Data for Name: notifications_emailqueue; Type: TABLE DATA; Schema: public; Owner: llevateloexpress_user
--

COPY public.notifications_emailqueue (id, priority, scheduled_at, processing_started_at, is_processed, email_notification_id) FROM stdin;
\.


--
-- Data for Name: notifications_emailtemplate; Type: TABLE DATA; Schema: public; Owner: llevateloexpress_user
--

COPY public.notifications_emailtemplate (id, subject, html_content, text_content, available_variables, is_active, created_at, updated_at, notification_type_id) FROM stdin;
1	¡Bienvenido a LlévateloExpress, {{user.first_name}}!	\n<!DOCTYPE html>\n<html>\n<head>\n    <meta charset="UTF-8">\n    <meta name="viewport" content="width=device-width, initial-scale=1.0">\n    <title>Bienvenido a LlévateloExpress</title>\n    <style>\n        body { font-family: Arial, sans-serif; line-height: 1.6; color: #333; }\n        .container { max-width: 600px; margin: 0 auto; padding: 20px; }\n        .header { background: #007bff; color: white; padding: 20px; text-align: center; }\n        .content { padding: 20px; background: #f9f9f9; }\n        .footer { padding: 20px; text-align: center; font-size: 12px; color: #666; }\n        .button { background: #007bff; color: white; padding: 12px 24px; text-decoration: none; border-radius: 5px; display: inline-block; margin: 10px 0; }\n    </style>\n</head>\n<body>\n    <div class="container">\n        <div class="header">\n            <h1>¡Bienvenido a LlévateloExpress!</h1>\n        </div>\n        <div class="content">\n            <h2>Hola {{user.first_name}},</h2>\n            <p>{{welcome_message|default:"¡Gracias por unirte a LlévateloExpress!"}}</p>\n            \n            <p>Ahora puedes:</p>\n            <ul>\n                {% for step in next_steps %}\n                <li>{{step}}</li>\n                {% empty %}\n                <li>Explorar nuestro catálogo de vehículos</li>\n                <li>Conocer nuestros planes de financiamiento</li>\n                <li>Simular tu financiamiento</li>\n                {% endfor %}\n            </ul>\n            \n            <a href="{{site.url}}" class="button">Explorar Catálogo</a>\n        </div>\n        <div class="footer">\n            <p>{{site.name}} - {{current_year}}</p>\n            <p>Contacto: {{site.contact_email}} | {{site.phone}}</p>\n        </div>\n    </div>\n</body>\n</html>\n        	\n¡Bienvenido a LlévateloExpress, {{user.first_name}}!\n\n{{welcome_message|default:"¡Gracias por unirte a LlévateloExpress!"}}\n\nAhora puedes:\n{% for step in next_steps %}\n- {{step}}\n{% empty %}\n- Explorar nuestro catálogo de vehículos\n- Conocer nuestros planes de financiamiento\n- Simular tu financiamiento\n{% endfor %}\n\nVisita nuestro sitio: {{site.url}}\n\n{{site.name}} - {{current_year}}\nContacto: {{site.contact_email}} | {{site.phone}}\n        	{"site.url": "URL del sitio", "site.name": "Nombre del sitio", "user.full_name": "Nombre completo del usuario", "user.first_name": "Nombre del usuario"}	t	2025-05-23 20:48:50.91915+00	2025-05-23 20:48:50.919162+00	1
\.


--
-- Data for Name: notifications_notificationtype; Type: TABLE DATA; Schema: public; Owner: llevateloexpress_user
--

COPY public.notifications_notificationtype (id, code, name, description, is_active, created_at, updated_at) FROM stdin;
1	welcome	Bienvenida	Email de bienvenida para nuevos usuarios	t	2025-05-23 20:38:57.024191+00	2025-05-23 20:38:57.024218+00
2	registration_confirmation	Confirmación de Registro	Confirmación de que la cuenta fue creada	t	2025-05-23 20:48:50.895413+00	2025-05-23 20:48:50.895433+00
3	financing_application	Solicitud de Financiamiento	Notificación de nueva solicitud de financiamiento	t	2025-05-23 20:48:50.898811+00	2025-05-23 20:48:50.898825+00
4	application_approved	Solicitud Aprobada	Notificación de solicitud de financiamiento aprobada	t	2025-05-23 20:48:50.900737+00	2025-05-23 20:48:50.900749+00
5	application_rejected	Solicitud Rechazada	Notificación de solicitud de financiamiento rechazada	t	2025-05-23 20:48:50.902495+00	2025-05-23 20:48:50.902506+00
6	application_pending	Solicitud Pendiente	Notificación de solicitud en proceso de revisión	t	2025-05-23 20:48:50.904295+00	2025-05-23 20:48:50.904305+00
7	payment_reminder	Recordatorio de Pago	Recordatorio de cuota pendiente de pago	t	2025-05-23 20:48:50.905999+00	2025-05-23 20:48:50.906009+00
8	payment_confirmation	Confirmación de Pago	Confirmación de pago recibido	t	2025-05-23 20:48:50.907718+00	2025-05-23 20:48:50.907728+00
9	document_request	Solicitud de Documentos	Solicitud de documentos adicionales	t	2025-05-23 20:48:50.90964+00	2025-05-23 20:48:50.90965+00
10	newsletter	Boletín Informativo	Boletín con novedades y promociones	t	2025-05-23 20:48:50.911438+00	2025-05-23 20:48:50.911447+00
11	promotion	Promoción Especial	Promociones especiales y ofertas	t	2025-05-23 20:48:50.913214+00	2025-05-23 20:48:50.913224+00
12	system_maintenance	Mantenimiento del Sistema	Notificaciones de mantenimiento programado	t	2025-05-23 20:48:50.915207+00	2025-05-23 20:48:50.915218+00
\.


--
-- Data for Name: notifications_usernotificationpreference; Type: TABLE DATA; Schema: public; Owner: llevateloexpress_user
--

COPY public.notifications_usernotificationpreference (id, welcome_enabled, registration_confirmation_enabled, financing_application_enabled, application_approved_enabled, application_rejected_enabled, application_pending_enabled, payment_reminder_enabled, payment_confirmation_enabled, document_request_enabled, newsletter_enabled, promotion_enabled, system_maintenance_enabled, email_notifications_enabled, frequency, created_at, updated_at, user_id) FROM stdin;
1	t	t	t	t	t	t	t	t	t	t	t	t	t	immediate	2025-05-23 23:49:22.693031+00	2025-05-23 23:49:22.693064+00	7
2	t	t	t	t	t	t	t	t	t	t	t	t	t	immediate	2025-05-24 04:41:36.501104+00	2025-05-24 04:41:36.501135+00	1
3	t	t	t	t	t	t	t	t	t	t	t	t	t	immediate	2025-05-24 15:37:32.334448+00	2025-05-24 15:37:32.334468+00	8
4	t	t	t	t	t	t	t	t	t	t	t	t	t	immediate	2025-05-25 19:27:36.483362+00	2025-05-25 19:27:36.483386+00	9
\.


--
-- Data for Name: products_category; Type: TABLE DATA; Schema: public; Owner: llevateloexpress_user
--

COPY public.products_category (id, name, slug, description, icon) FROM stdin;
motocicletas	Motocicletas	motocicletas	Desde modelos económicos hasta deportivos de alta gama.	fa-motorcycle
vehiculos	Vehículos	vehiculos	Autos, camionetas y vehículos comerciales de las mejores marcas.	fa-car
maquinaria	Maquinaria Agrícola	maquinaria-agricola	Tractores y equipos para optimizar tu producción agrícola.	fa-tractor
camiones	Camiones	camiones	Camiones de carga, transporte y distribución de distintas capacidades.	fa-truck
equipos	Maquinaria y Equipos	maquinaria-equipos	Equipamiento especializado para la industria y el comercio.	fa-cogs
\.


--
-- Data for Name: products_product; Type: TABLE DATA; Schema: public; Owner: llevateloexpress_user
--

COPY public.products_product (id, name, brand, price, image, description, features, specs_general, specs_engine, specs_comfort, specs_safety, stock, featured, created_at, updated_at, category_id) FROM stdin;
\.


--
-- Data for Name: users_application; Type: TABLE DATA; Schema: public; Owner: llevateloexpress_user
--

COPY public.users_application (id, application_date, status, initial_amount, monthly_payment, term, notes, approved_date, documents, customer_id, financing_plan_id, product_id) FROM stdin;
\.


--
-- Data for Name: users_customer; Type: TABLE DATA; Schema: public; Owner: llevateloexpress_user
--

COPY public.users_customer (id, phone, address, identity_document, date_of_birth, occupation, monthly_income, created_at, verified, user_id, is_profile_complete) FROM stdin;
1	+584141234567		V-12345678	\N		\N	2025-05-21 04:30:14.787181+00	f	2	f
2	04249596303	Villa Brasil	33446632	2008-06-18	Estudiante	1000.00	2025-05-22 20:52:44.720921+00	t	3	f
7	+584121010744		V-9906358	\N		\N	2025-05-24 15:37:32.32889+00	f	8	f
8	+584121010744		V-123456789	\N		\N	2025-05-25 19:27:36.477409+00	f	9	f
\.


--
-- Name: admin_interface_theme_id_seq; Type: SEQUENCE SET; Schema: public; Owner: llevateloexpress_user
--

SELECT pg_catalog.setval('public.admin_interface_theme_id_seq', 2, true);


--
-- Name: auth_group_id_seq; Type: SEQUENCE SET; Schema: public; Owner: llevateloexpress_user
--

SELECT pg_catalog.setval('public.auth_group_id_seq', 1, false);


--
-- Name: auth_group_permissions_id_seq; Type: SEQUENCE SET; Schema: public; Owner: llevateloexpress_user
--

SELECT pg_catalog.setval('public.auth_group_permissions_id_seq', 1, false);


--
-- Name: auth_permission_id_seq; Type: SEQUENCE SET; Schema: public; Owner: llevateloexpress_user
--

SELECT pg_catalog.setval('public.auth_permission_id_seq', 72, true);


--
-- Name: auth_user_groups_id_seq; Type: SEQUENCE SET; Schema: public; Owner: llevateloexpress_user
--

SELECT pg_catalog.setval('public.auth_user_groups_id_seq', 1, false);


--
-- Name: auth_user_id_seq; Type: SEQUENCE SET; Schema: public; Owner: llevateloexpress_user
--

SELECT pg_catalog.setval('public.auth_user_id_seq', 9, true);


--
-- Name: auth_user_user_permissions_id_seq; Type: SEQUENCE SET; Schema: public; Owner: llevateloexpress_user
--

SELECT pg_catalog.setval('public.auth_user_user_permissions_id_seq', 1, false);


--
-- Name: django_admin_log_id_seq; Type: SEQUENCE SET; Schema: public; Owner: llevateloexpress_user
--

SELECT pg_catalog.setval('public.django_admin_log_id_seq', 2, true);


--
-- Name: django_content_type_id_seq; Type: SEQUENCE SET; Schema: public; Owner: llevateloexpress_user
--

SELECT pg_catalog.setval('public.django_content_type_id_seq', 18, true);


--
-- Name: django_migrations_id_seq; Type: SEQUENCE SET; Schema: public; Owner: llevateloexpress_user
--

SELECT pg_catalog.setval('public.django_migrations_id_seq', 54, true);


--
-- Name: financing_financingplan_id_seq; Type: SEQUENCE SET; Schema: public; Owner: llevateloexpress_user
--

SELECT pg_catalog.setval('public.financing_financingplan_id_seq', 3, true);


--
-- Name: financing_simulation_id_seq; Type: SEQUENCE SET; Schema: public; Owner: llevateloexpress_user
--

SELECT pg_catalog.setval('public.financing_simulation_id_seq', 1, false);


--
-- Name: notifications_emailnotification_id_seq; Type: SEQUENCE SET; Schema: public; Owner: llevateloexpress_user
--

SELECT pg_catalog.setval('public.notifications_emailnotification_id_seq', 5, true);


--
-- Name: notifications_emailqueue_id_seq; Type: SEQUENCE SET; Schema: public; Owner: llevateloexpress_user
--

SELECT pg_catalog.setval('public.notifications_emailqueue_id_seq', 1, false);


--
-- Name: notifications_emailtemplate_id_seq; Type: SEQUENCE SET; Schema: public; Owner: llevateloexpress_user
--

SELECT pg_catalog.setval('public.notifications_emailtemplate_id_seq', 1, true);


--
-- Name: notifications_notificationtype_id_seq; Type: SEQUENCE SET; Schema: public; Owner: llevateloexpress_user
--

SELECT pg_catalog.setval('public.notifications_notificationtype_id_seq', 12, true);


--
-- Name: notifications_usernotificationpreference_id_seq; Type: SEQUENCE SET; Schema: public; Owner: llevateloexpress_user
--

SELECT pg_catalog.setval('public.notifications_usernotificationpreference_id_seq', 4, true);


--
-- Name: products_product_id_seq; Type: SEQUENCE SET; Schema: public; Owner: llevateloexpress_user
--

SELECT pg_catalog.setval('public.products_product_id_seq', 1, false);


--
-- Name: users_application_id_seq; Type: SEQUENCE SET; Schema: public; Owner: llevateloexpress_user
--

SELECT pg_catalog.setval('public.users_application_id_seq', 1, false);


--
-- Name: users_customer_id_seq; Type: SEQUENCE SET; Schema: public; Owner: llevateloexpress_user
--

SELECT pg_catalog.setval('public.users_customer_id_seq', 8, true);


--
-- Name: admin_interface_theme admin_interface_theme_name_30bda70f_uniq; Type: CONSTRAINT; Schema: public; Owner: llevateloexpress_user
--

ALTER TABLE ONLY public.admin_interface_theme
    ADD CONSTRAINT admin_interface_theme_name_30bda70f_uniq UNIQUE (name);


--
-- Name: admin_interface_theme admin_interface_theme_pkey; Type: CONSTRAINT; Schema: public; Owner: llevateloexpress_user
--

ALTER TABLE ONLY public.admin_interface_theme
    ADD CONSTRAINT admin_interface_theme_pkey PRIMARY KEY (id);


--
-- Name: auth_group auth_group_name_key; Type: CONSTRAINT; Schema: public; Owner: llevateloexpress_user
--

ALTER TABLE ONLY public.auth_group
    ADD CONSTRAINT auth_group_name_key UNIQUE (name);


--
-- Name: auth_group_permissions auth_group_permissions_group_id_permission_id_0cd325b0_uniq; Type: CONSTRAINT; Schema: public; Owner: llevateloexpress_user
--

ALTER TABLE ONLY public.auth_group_permissions
    ADD CONSTRAINT auth_group_permissions_group_id_permission_id_0cd325b0_uniq UNIQUE (group_id, permission_id);


--
-- Name: auth_group_permissions auth_group_permissions_pkey; Type: CONSTRAINT; Schema: public; Owner: llevateloexpress_user
--

ALTER TABLE ONLY public.auth_group_permissions
    ADD CONSTRAINT auth_group_permissions_pkey PRIMARY KEY (id);


--
-- Name: auth_group auth_group_pkey; Type: CONSTRAINT; Schema: public; Owner: llevateloexpress_user
--

ALTER TABLE ONLY public.auth_group
    ADD CONSTRAINT auth_group_pkey PRIMARY KEY (id);


--
-- Name: auth_permission auth_permission_content_type_id_codename_01ab375a_uniq; Type: CONSTRAINT; Schema: public; Owner: llevateloexpress_user
--

ALTER TABLE ONLY public.auth_permission
    ADD CONSTRAINT auth_permission_content_type_id_codename_01ab375a_uniq UNIQUE (content_type_id, codename);


--
-- Name: auth_permission auth_permission_pkey; Type: CONSTRAINT; Schema: public; Owner: llevateloexpress_user
--

ALTER TABLE ONLY public.auth_permission
    ADD CONSTRAINT auth_permission_pkey PRIMARY KEY (id);


--
-- Name: auth_user_groups auth_user_groups_pkey; Type: CONSTRAINT; Schema: public; Owner: llevateloexpress_user
--

ALTER TABLE ONLY public.auth_user_groups
    ADD CONSTRAINT auth_user_groups_pkey PRIMARY KEY (id);


--
-- Name: auth_user_groups auth_user_groups_user_id_group_id_94350c0c_uniq; Type: CONSTRAINT; Schema: public; Owner: llevateloexpress_user
--

ALTER TABLE ONLY public.auth_user_groups
    ADD CONSTRAINT auth_user_groups_user_id_group_id_94350c0c_uniq UNIQUE (user_id, group_id);


--
-- Name: auth_user auth_user_pkey; Type: CONSTRAINT; Schema: public; Owner: llevateloexpress_user
--

ALTER TABLE ONLY public.auth_user
    ADD CONSTRAINT auth_user_pkey PRIMARY KEY (id);


--
-- Name: auth_user_user_permissions auth_user_user_permissions_pkey; Type: CONSTRAINT; Schema: public; Owner: llevateloexpress_user
--

ALTER TABLE ONLY public.auth_user_user_permissions
    ADD CONSTRAINT auth_user_user_permissions_pkey PRIMARY KEY (id);


--
-- Name: auth_user_user_permissions auth_user_user_permissions_user_id_permission_id_14a6b632_uniq; Type: CONSTRAINT; Schema: public; Owner: llevateloexpress_user
--

ALTER TABLE ONLY public.auth_user_user_permissions
    ADD CONSTRAINT auth_user_user_permissions_user_id_permission_id_14a6b632_uniq UNIQUE (user_id, permission_id);


--
-- Name: auth_user auth_user_username_key; Type: CONSTRAINT; Schema: public; Owner: llevateloexpress_user
--

ALTER TABLE ONLY public.auth_user
    ADD CONSTRAINT auth_user_username_key UNIQUE (username);


--
-- Name: django_admin_log django_admin_log_pkey; Type: CONSTRAINT; Schema: public; Owner: llevateloexpress_user
--

ALTER TABLE ONLY public.django_admin_log
    ADD CONSTRAINT django_admin_log_pkey PRIMARY KEY (id);


--
-- Name: django_content_type django_content_type_app_label_model_76bd3d3b_uniq; Type: CONSTRAINT; Schema: public; Owner: llevateloexpress_user
--

ALTER TABLE ONLY public.django_content_type
    ADD CONSTRAINT django_content_type_app_label_model_76bd3d3b_uniq UNIQUE (app_label, model);


--
-- Name: django_content_type django_content_type_pkey; Type: CONSTRAINT; Schema: public; Owner: llevateloexpress_user
--

ALTER TABLE ONLY public.django_content_type
    ADD CONSTRAINT django_content_type_pkey PRIMARY KEY (id);


--
-- Name: django_migrations django_migrations_pkey; Type: CONSTRAINT; Schema: public; Owner: llevateloexpress_user
--

ALTER TABLE ONLY public.django_migrations
    ADD CONSTRAINT django_migrations_pkey PRIMARY KEY (id);


--
-- Name: django_session django_session_pkey; Type: CONSTRAINT; Schema: public; Owner: llevateloexpress_user
--

ALTER TABLE ONLY public.django_session
    ADD CONSTRAINT django_session_pkey PRIMARY KEY (session_key);


--
-- Name: financing_financingplan financing_financingplan_pkey; Type: CONSTRAINT; Schema: public; Owner: llevateloexpress_user
--

ALTER TABLE ONLY public.financing_financingplan
    ADD CONSTRAINT financing_financingplan_pkey PRIMARY KEY (id);


--
-- Name: financing_financingplan financing_financingplan_slug_key; Type: CONSTRAINT; Schema: public; Owner: llevateloexpress_user
--

ALTER TABLE ONLY public.financing_financingplan
    ADD CONSTRAINT financing_financingplan_slug_key UNIQUE (slug);


--
-- Name: financing_simulation financing_simulation_pkey; Type: CONSTRAINT; Schema: public; Owner: llevateloexpress_user
--

ALTER TABLE ONLY public.financing_simulation
    ADD CONSTRAINT financing_simulation_pkey PRIMARY KEY (id);


--
-- Name: notifications_emailnotification notifications_emailnotification_pkey; Type: CONSTRAINT; Schema: public; Owner: llevateloexpress_user
--

ALTER TABLE ONLY public.notifications_emailnotification
    ADD CONSTRAINT notifications_emailnotification_pkey PRIMARY KEY (id);


--
-- Name: notifications_emailqueue notifications_emailqueue_email_notification_id_key; Type: CONSTRAINT; Schema: public; Owner: llevateloexpress_user
--

ALTER TABLE ONLY public.notifications_emailqueue
    ADD CONSTRAINT notifications_emailqueue_email_notification_id_key UNIQUE (email_notification_id);


--
-- Name: notifications_emailqueue notifications_emailqueue_pkey; Type: CONSTRAINT; Schema: public; Owner: llevateloexpress_user
--

ALTER TABLE ONLY public.notifications_emailqueue
    ADD CONSTRAINT notifications_emailqueue_pkey PRIMARY KEY (id);


--
-- Name: notifications_emailtemplate notifications_emailtemplate_pkey; Type: CONSTRAINT; Schema: public; Owner: llevateloexpress_user
--

ALTER TABLE ONLY public.notifications_emailtemplate
    ADD CONSTRAINT notifications_emailtemplate_pkey PRIMARY KEY (id);


--
-- Name: notifications_notificationtype notifications_notificationtype_code_key; Type: CONSTRAINT; Schema: public; Owner: llevateloexpress_user
--

ALTER TABLE ONLY public.notifications_notificationtype
    ADD CONSTRAINT notifications_notificationtype_code_key UNIQUE (code);


--
-- Name: notifications_notificationtype notifications_notificationtype_pkey; Type: CONSTRAINT; Schema: public; Owner: llevateloexpress_user
--

ALTER TABLE ONLY public.notifications_notificationtype
    ADD CONSTRAINT notifications_notificationtype_pkey PRIMARY KEY (id);


--
-- Name: notifications_usernotificationpreference notifications_usernotificationpreference_pkey; Type: CONSTRAINT; Schema: public; Owner: llevateloexpress_user
--

ALTER TABLE ONLY public.notifications_usernotificationpreference
    ADD CONSTRAINT notifications_usernotificationpreference_pkey PRIMARY KEY (id);


--
-- Name: notifications_usernotificationpreference notifications_usernotificationpreference_user_id_key; Type: CONSTRAINT; Schema: public; Owner: llevateloexpress_user
--

ALTER TABLE ONLY public.notifications_usernotificationpreference
    ADD CONSTRAINT notifications_usernotificationpreference_user_id_key UNIQUE (user_id);


--
-- Name: products_category products_category_pkey; Type: CONSTRAINT; Schema: public; Owner: llevateloexpress_user
--

ALTER TABLE ONLY public.products_category
    ADD CONSTRAINT products_category_pkey PRIMARY KEY (id);


--
-- Name: products_category products_category_slug_key; Type: CONSTRAINT; Schema: public; Owner: llevateloexpress_user
--

ALTER TABLE ONLY public.products_category
    ADD CONSTRAINT products_category_slug_key UNIQUE (slug);


--
-- Name: products_product products_product_pkey; Type: CONSTRAINT; Schema: public; Owner: llevateloexpress_user
--

ALTER TABLE ONLY public.products_product
    ADD CONSTRAINT products_product_pkey PRIMARY KEY (id);


--
-- Name: users_application users_application_pkey; Type: CONSTRAINT; Schema: public; Owner: llevateloexpress_user
--

ALTER TABLE ONLY public.users_application
    ADD CONSTRAINT users_application_pkey PRIMARY KEY (id);


--
-- Name: users_customer users_customer_pkey; Type: CONSTRAINT; Schema: public; Owner: llevateloexpress_user
--

ALTER TABLE ONLY public.users_customer
    ADD CONSTRAINT users_customer_pkey PRIMARY KEY (id);


--
-- Name: users_customer users_customer_user_id_key; Type: CONSTRAINT; Schema: public; Owner: llevateloexpress_user
--

ALTER TABLE ONLY public.users_customer
    ADD CONSTRAINT users_customer_user_id_key UNIQUE (user_id);


--
-- Name: admin_interface_theme_name_30bda70f_like; Type: INDEX; Schema: public; Owner: llevateloexpress_user
--

CREATE INDEX admin_interface_theme_name_30bda70f_like ON public.admin_interface_theme USING btree (name varchar_pattern_ops);


--
-- Name: auth_group_name_a6ea08ec_like; Type: INDEX; Schema: public; Owner: llevateloexpress_user
--

CREATE INDEX auth_group_name_a6ea08ec_like ON public.auth_group USING btree (name varchar_pattern_ops);


--
-- Name: auth_group_permissions_group_id_b120cbf9; Type: INDEX; Schema: public; Owner: llevateloexpress_user
--

CREATE INDEX auth_group_permissions_group_id_b120cbf9 ON public.auth_group_permissions USING btree (group_id);


--
-- Name: auth_group_permissions_permission_id_84c5c92e; Type: INDEX; Schema: public; Owner: llevateloexpress_user
--

CREATE INDEX auth_group_permissions_permission_id_84c5c92e ON public.auth_group_permissions USING btree (permission_id);


--
-- Name: auth_permission_content_type_id_2f476e4b; Type: INDEX; Schema: public; Owner: llevateloexpress_user
--

CREATE INDEX auth_permission_content_type_id_2f476e4b ON public.auth_permission USING btree (content_type_id);


--
-- Name: auth_user_groups_group_id_97559544; Type: INDEX; Schema: public; Owner: llevateloexpress_user
--

CREATE INDEX auth_user_groups_group_id_97559544 ON public.auth_user_groups USING btree (group_id);


--
-- Name: auth_user_groups_user_id_6a12ed8b; Type: INDEX; Schema: public; Owner: llevateloexpress_user
--

CREATE INDEX auth_user_groups_user_id_6a12ed8b ON public.auth_user_groups USING btree (user_id);


--
-- Name: auth_user_user_permissions_permission_id_1fbb5f2c; Type: INDEX; Schema: public; Owner: llevateloexpress_user
--

CREATE INDEX auth_user_user_permissions_permission_id_1fbb5f2c ON public.auth_user_user_permissions USING btree (permission_id);


--
-- Name: auth_user_user_permissions_user_id_a95ead1b; Type: INDEX; Schema: public; Owner: llevateloexpress_user
--

CREATE INDEX auth_user_user_permissions_user_id_a95ead1b ON public.auth_user_user_permissions USING btree (user_id);


--
-- Name: auth_user_username_6821ab7c_like; Type: INDEX; Schema: public; Owner: llevateloexpress_user
--

CREATE INDEX auth_user_username_6821ab7c_like ON public.auth_user USING btree (username varchar_pattern_ops);


--
-- Name: django_admin_log_content_type_id_c4bce8eb; Type: INDEX; Schema: public; Owner: llevateloexpress_user
--

CREATE INDEX django_admin_log_content_type_id_c4bce8eb ON public.django_admin_log USING btree (content_type_id);


--
-- Name: django_admin_log_user_id_c564eba6; Type: INDEX; Schema: public; Owner: llevateloexpress_user
--

CREATE INDEX django_admin_log_user_id_c564eba6 ON public.django_admin_log USING btree (user_id);


--
-- Name: django_session_expire_date_a5c62663; Type: INDEX; Schema: public; Owner: llevateloexpress_user
--

CREATE INDEX django_session_expire_date_a5c62663 ON public.django_session USING btree (expire_date);


--
-- Name: django_session_session_key_c0390e0f_like; Type: INDEX; Schema: public; Owner: llevateloexpress_user
--

CREATE INDEX django_session_session_key_c0390e0f_like ON public.django_session USING btree (session_key varchar_pattern_ops);


--
-- Name: financing_financingplan_slug_44c0d539_like; Type: INDEX; Schema: public; Owner: llevateloexpress_user
--

CREATE INDEX financing_financingplan_slug_44c0d539_like ON public.financing_financingplan USING btree (slug varchar_pattern_ops);


--
-- Name: financing_simulation_plan_id_c5c5570f; Type: INDEX; Schema: public; Owner: llevateloexpress_user
--

CREATE INDEX financing_simulation_plan_id_c5c5570f ON public.financing_simulation USING btree (plan_id);


--
-- Name: financing_simulation_product_id_40e5bcac; Type: INDEX; Schema: public; Owner: llevateloexpress_user
--

CREATE INDEX financing_simulation_product_id_40e5bcac ON public.financing_simulation USING btree (product_id);


--
-- Name: financing_simulation_user_id_6fc29950; Type: INDEX; Schema: public; Owner: llevateloexpress_user
--

CREATE INDEX financing_simulation_user_id_6fc29950 ON public.financing_simulation USING btree (user_id);


--
-- Name: notifications_emailnotification_email_template_id_1120eb8d; Type: INDEX; Schema: public; Owner: llevateloexpress_user
--

CREATE INDEX notifications_emailnotification_email_template_id_1120eb8d ON public.notifications_emailnotification USING btree (email_template_id);


--
-- Name: notifications_emailnotification_notification_type_id_eb313c72; Type: INDEX; Schema: public; Owner: llevateloexpress_user
--

CREATE INDEX notifications_emailnotification_notification_type_id_eb313c72 ON public.notifications_emailnotification USING btree (notification_type_id);


--
-- Name: notifications_emailnotification_user_id_e30bcc9b; Type: INDEX; Schema: public; Owner: llevateloexpress_user
--

CREATE INDEX notifications_emailnotification_user_id_e30bcc9b ON public.notifications_emailnotification USING btree (user_id);


--
-- Name: notifications_emailtemplate_notification_type_id_f11bb00a; Type: INDEX; Schema: public; Owner: llevateloexpress_user
--

CREATE INDEX notifications_emailtemplate_notification_type_id_f11bb00a ON public.notifications_emailtemplate USING btree (notification_type_id);


--
-- Name: notifications_notificationtype_code_e2b7a666_like; Type: INDEX; Schema: public; Owner: llevateloexpress_user
--

CREATE INDEX notifications_notificationtype_code_e2b7a666_like ON public.notifications_notificationtype USING btree (code varchar_pattern_ops);


--
-- Name: products_category_id_4ca38597_like; Type: INDEX; Schema: public; Owner: llevateloexpress_user
--

CREATE INDEX products_category_id_4ca38597_like ON public.products_category USING btree (id varchar_pattern_ops);


--
-- Name: products_category_slug_c558efae_like; Type: INDEX; Schema: public; Owner: llevateloexpress_user
--

CREATE INDEX products_category_slug_c558efae_like ON public.products_category USING btree (slug varchar_pattern_ops);


--
-- Name: products_product_category_id_9b594869; Type: INDEX; Schema: public; Owner: llevateloexpress_user
--

CREATE INDEX products_product_category_id_9b594869 ON public.products_product USING btree (category_id);


--
-- Name: products_product_category_id_9b594869_like; Type: INDEX; Schema: public; Owner: llevateloexpress_user
--

CREATE INDEX products_product_category_id_9b594869_like ON public.products_product USING btree (category_id varchar_pattern_ops);


--
-- Name: users_application_customer_id_f21d24b7; Type: INDEX; Schema: public; Owner: llevateloexpress_user
--

CREATE INDEX users_application_customer_id_f21d24b7 ON public.users_application USING btree (customer_id);


--
-- Name: users_application_financing_plan_id_4543c576; Type: INDEX; Schema: public; Owner: llevateloexpress_user
--

CREATE INDEX users_application_financing_plan_id_4543c576 ON public.users_application USING btree (financing_plan_id);


--
-- Name: users_application_product_id_c8c52428; Type: INDEX; Schema: public; Owner: llevateloexpress_user
--

CREATE INDEX users_application_product_id_c8c52428 ON public.users_application USING btree (product_id);


--
-- Name: auth_group_permissions auth_group_permissio_permission_id_84c5c92e_fk_auth_perm; Type: FK CONSTRAINT; Schema: public; Owner: llevateloexpress_user
--

ALTER TABLE ONLY public.auth_group_permissions
    ADD CONSTRAINT auth_group_permissio_permission_id_84c5c92e_fk_auth_perm FOREIGN KEY (permission_id) REFERENCES public.auth_permission(id) DEFERRABLE INITIALLY DEFERRED;


--
-- Name: auth_group_permissions auth_group_permissions_group_id_b120cbf9_fk_auth_group_id; Type: FK CONSTRAINT; Schema: public; Owner: llevateloexpress_user
--

ALTER TABLE ONLY public.auth_group_permissions
    ADD CONSTRAINT auth_group_permissions_group_id_b120cbf9_fk_auth_group_id FOREIGN KEY (group_id) REFERENCES public.auth_group(id) DEFERRABLE INITIALLY DEFERRED;


--
-- Name: auth_permission auth_permission_content_type_id_2f476e4b_fk_django_co; Type: FK CONSTRAINT; Schema: public; Owner: llevateloexpress_user
--

ALTER TABLE ONLY public.auth_permission
    ADD CONSTRAINT auth_permission_content_type_id_2f476e4b_fk_django_co FOREIGN KEY (content_type_id) REFERENCES public.django_content_type(id) DEFERRABLE INITIALLY DEFERRED;


--
-- Name: auth_user_groups auth_user_groups_group_id_97559544_fk_auth_group_id; Type: FK CONSTRAINT; Schema: public; Owner: llevateloexpress_user
--

ALTER TABLE ONLY public.auth_user_groups
    ADD CONSTRAINT auth_user_groups_group_id_97559544_fk_auth_group_id FOREIGN KEY (group_id) REFERENCES public.auth_group(id) DEFERRABLE INITIALLY DEFERRED;


--
-- Name: auth_user_groups auth_user_groups_user_id_6a12ed8b_fk_auth_user_id; Type: FK CONSTRAINT; Schema: public; Owner: llevateloexpress_user
--

ALTER TABLE ONLY public.auth_user_groups
    ADD CONSTRAINT auth_user_groups_user_id_6a12ed8b_fk_auth_user_id FOREIGN KEY (user_id) REFERENCES public.auth_user(id) DEFERRABLE INITIALLY DEFERRED;


--
-- Name: auth_user_user_permissions auth_user_user_permi_permission_id_1fbb5f2c_fk_auth_perm; Type: FK CONSTRAINT; Schema: public; Owner: llevateloexpress_user
--

ALTER TABLE ONLY public.auth_user_user_permissions
    ADD CONSTRAINT auth_user_user_permi_permission_id_1fbb5f2c_fk_auth_perm FOREIGN KEY (permission_id) REFERENCES public.auth_permission(id) DEFERRABLE INITIALLY DEFERRED;


--
-- Name: auth_user_user_permissions auth_user_user_permissions_user_id_a95ead1b_fk_auth_user_id; Type: FK CONSTRAINT; Schema: public; Owner: llevateloexpress_user
--

ALTER TABLE ONLY public.auth_user_user_permissions
    ADD CONSTRAINT auth_user_user_permissions_user_id_a95ead1b_fk_auth_user_id FOREIGN KEY (user_id) REFERENCES public.auth_user(id) DEFERRABLE INITIALLY DEFERRED;


--
-- Name: django_admin_log django_admin_log_content_type_id_c4bce8eb_fk_django_co; Type: FK CONSTRAINT; Schema: public; Owner: llevateloexpress_user
--

ALTER TABLE ONLY public.django_admin_log
    ADD CONSTRAINT django_admin_log_content_type_id_c4bce8eb_fk_django_co FOREIGN KEY (content_type_id) REFERENCES public.django_content_type(id) DEFERRABLE INITIALLY DEFERRED;


--
-- Name: django_admin_log django_admin_log_user_id_c564eba6_fk_auth_user_id; Type: FK CONSTRAINT; Schema: public; Owner: llevateloexpress_user
--

ALTER TABLE ONLY public.django_admin_log
    ADD CONSTRAINT django_admin_log_user_id_c564eba6_fk_auth_user_id FOREIGN KEY (user_id) REFERENCES public.auth_user(id) DEFERRABLE INITIALLY DEFERRED;


--
-- Name: financing_simulation financing_simulation_plan_id_c5c5570f_fk_financing; Type: FK CONSTRAINT; Schema: public; Owner: llevateloexpress_user
--

ALTER TABLE ONLY public.financing_simulation
    ADD CONSTRAINT financing_simulation_plan_id_c5c5570f_fk_financing FOREIGN KEY (plan_id) REFERENCES public.financing_financingplan(id) DEFERRABLE INITIALLY DEFERRED;


--
-- Name: financing_simulation financing_simulation_product_id_40e5bcac_fk_products_product_id; Type: FK CONSTRAINT; Schema: public; Owner: llevateloexpress_user
--

ALTER TABLE ONLY public.financing_simulation
    ADD CONSTRAINT financing_simulation_product_id_40e5bcac_fk_products_product_id FOREIGN KEY (product_id) REFERENCES public.products_product(id) DEFERRABLE INITIALLY DEFERRED;


--
-- Name: financing_simulation financing_simulation_user_id_6fc29950_fk_auth_user_id; Type: FK CONSTRAINT; Schema: public; Owner: llevateloexpress_user
--

ALTER TABLE ONLY public.financing_simulation
    ADD CONSTRAINT financing_simulation_user_id_6fc29950_fk_auth_user_id FOREIGN KEY (user_id) REFERENCES public.auth_user(id) DEFERRABLE INITIALLY DEFERRED;


--
-- Name: notifications_emailnotification notifications_emailn_email_template_id_1120eb8d_fk_notificat; Type: FK CONSTRAINT; Schema: public; Owner: llevateloexpress_user
--

ALTER TABLE ONLY public.notifications_emailnotification
    ADD CONSTRAINT notifications_emailn_email_template_id_1120eb8d_fk_notificat FOREIGN KEY (email_template_id) REFERENCES public.notifications_emailtemplate(id) DEFERRABLE INITIALLY DEFERRED;


--
-- Name: notifications_emailnotification notifications_emailn_notification_type_id_eb313c72_fk_notificat; Type: FK CONSTRAINT; Schema: public; Owner: llevateloexpress_user
--

ALTER TABLE ONLY public.notifications_emailnotification
    ADD CONSTRAINT notifications_emailn_notification_type_id_eb313c72_fk_notificat FOREIGN KEY (notification_type_id) REFERENCES public.notifications_notificationtype(id) DEFERRABLE INITIALLY DEFERRED;


--
-- Name: notifications_emailnotification notifications_emailn_user_id_e30bcc9b_fk_auth_user; Type: FK CONSTRAINT; Schema: public; Owner: llevateloexpress_user
--

ALTER TABLE ONLY public.notifications_emailnotification
    ADD CONSTRAINT notifications_emailn_user_id_e30bcc9b_fk_auth_user FOREIGN KEY (user_id) REFERENCES public.auth_user(id) DEFERRABLE INITIALLY DEFERRED;


--
-- Name: notifications_emailqueue notifications_emailq_email_notification_i_2e71b75f_fk_notificat; Type: FK CONSTRAINT; Schema: public; Owner: llevateloexpress_user
--

ALTER TABLE ONLY public.notifications_emailqueue
    ADD CONSTRAINT notifications_emailq_email_notification_i_2e71b75f_fk_notificat FOREIGN KEY (email_notification_id) REFERENCES public.notifications_emailnotification(id) DEFERRABLE INITIALLY DEFERRED;


--
-- Name: notifications_emailtemplate notifications_emailt_notification_type_id_f11bb00a_fk_notificat; Type: FK CONSTRAINT; Schema: public; Owner: llevateloexpress_user
--

ALTER TABLE ONLY public.notifications_emailtemplate
    ADD CONSTRAINT notifications_emailt_notification_type_id_f11bb00a_fk_notificat FOREIGN KEY (notification_type_id) REFERENCES public.notifications_notificationtype(id) DEFERRABLE INITIALLY DEFERRED;


--
-- Name: notifications_usernotificationpreference notifications_userno_user_id_96e649c3_fk_auth_user; Type: FK CONSTRAINT; Schema: public; Owner: llevateloexpress_user
--

ALTER TABLE ONLY public.notifications_usernotificationpreference
    ADD CONSTRAINT notifications_userno_user_id_96e649c3_fk_auth_user FOREIGN KEY (user_id) REFERENCES public.auth_user(id) DEFERRABLE INITIALLY DEFERRED;


--
-- Name: products_product products_product_category_id_9b594869_fk_products_category_id; Type: FK CONSTRAINT; Schema: public; Owner: llevateloexpress_user
--

ALTER TABLE ONLY public.products_product
    ADD CONSTRAINT products_product_category_id_9b594869_fk_products_category_id FOREIGN KEY (category_id) REFERENCES public.products_category(id) DEFERRABLE INITIALLY DEFERRED;


--
-- Name: users_application users_application_customer_id_f21d24b7_fk_users_customer_id; Type: FK CONSTRAINT; Schema: public; Owner: llevateloexpress_user
--

ALTER TABLE ONLY public.users_application
    ADD CONSTRAINT users_application_customer_id_f21d24b7_fk_users_customer_id FOREIGN KEY (customer_id) REFERENCES public.users_customer(id) DEFERRABLE INITIALLY DEFERRED;


--
-- Name: users_application users_application_financing_plan_id_4543c576_fk_financing; Type: FK CONSTRAINT; Schema: public; Owner: llevateloexpress_user
--

ALTER TABLE ONLY public.users_application
    ADD CONSTRAINT users_application_financing_plan_id_4543c576_fk_financing FOREIGN KEY (financing_plan_id) REFERENCES public.financing_financingplan(id) DEFERRABLE INITIALLY DEFERRED;


--
-- Name: users_application users_application_product_id_c8c52428_fk_products_product_id; Type: FK CONSTRAINT; Schema: public; Owner: llevateloexpress_user
--

ALTER TABLE ONLY public.users_application
    ADD CONSTRAINT users_application_product_id_c8c52428_fk_products_product_id FOREIGN KEY (product_id) REFERENCES public.products_product(id) DEFERRABLE INITIALLY DEFERRED;


--
-- Name: users_customer users_customer_user_id_a09bb4be_fk_auth_user_id; Type: FK CONSTRAINT; Schema: public; Owner: llevateloexpress_user
--

ALTER TABLE ONLY public.users_customer
    ADD CONSTRAINT users_customer_user_id_a09bb4be_fk_auth_user_id FOREIGN KEY (user_id) REFERENCES public.auth_user(id) DEFERRABLE INITIALLY DEFERRED;


--
-- PostgreSQL database dump complete
--

